dumpster	1757
Sun	2552
po	3156
cn	4308
beef	3476
Chris	1912
booking	2461
advancement	1075
opening	4116
Hezbollah	861
City	2892
language	1725
enron@enronxgate	2142
rumor	796
award	598
Shropshire	3210
echelon	1157
ineffective	3996
reduce	2959
aweesome	3923
lawsuit	865
Art	585
dress	2675
stocking	2656
EU	770
auction	4049
suspiciously	4266
2001	2186
CDT	2011
Russell	1800
understanding	1405
regular	4358
Horse	4083
reply	1933
structure	297
near	126
promise	354
allergy	2523
nearest	3202
New	2018
alway	4085
altough	3573
yes	3144
normal	828
02/13/2001	1402
coalition	357
poll	3454
noida	3625
5:00	1523
Huber	2151
resistance	622
autobiography	1018
sensuality	3767
Hidden	2589
EB	1541
Coca	2829
recipe	3324
lucky	3200
no	895
spaniel	1386
voice	1154
bedroom	1747
crap	917
Reich	3448
venture	3403
outlook	1995
judge	35
mct	2812
only	380
nicest	3821
Houston	1451
foward	1373
smart	3364
profit	435
gallery	4321
buck	1174
03/23/2001	2040
Source	2063
preferably	3231
Tampa	3613
alter	1144
intend	493
poop	3329
Mary	1799
militia	914
connect	3664
value	1623
DD	3797
*************************************	1925
transport	1712
organizer	560
speech	1359
minute	1118
tea	2815
like	563
request	1688
2007	2804
lunde	3423
free	1673
soul	1884
Gerard	1819
companie	3975
doctor	3346
bellow	2971
doubt	566
location	3415
iPhone	3363
Alert	2555
Corp.	2320
helpful	3811
Miramir	3318
(	145
Kim	792
3g	3663
Joe	976
actually	195
Pets	4291
100,000	2763
brute	2746
resume	2224
vehicle	1942
safely	2865
over-eater	2487
refinery	2954
site	1840
pool	4043
threaten	651
fit	1886
syd	3526
path	3056
region	393
barrier	1426
coefficient	2197
Vietnam	3445
diversity	4323
VISAKHA	3857
steak	3165
az	646
negative	4014
communications	1526
Elmira	4407
admit	1259
08/15/2000	1639
discount	2685
soblander@carrfut.com	1641
tune	3418
quickly	1425
iraqi	338
organization	1321
towel	3082
fun	533
neocon	1234
Wellywood	3463
deal	739
browser	1027
robbrnglsn@aol.com	1510
somone	3430
mis-match	1179
er	3225
rug	3778
Amount	2317
target	3076
conflict	324
escalation	3097
modern	3446
lynx	3690
draft	2086
Office	965
preliminary	2413
standard	2198
l	2464
certain	1887
noticeable	3510
inaugural	995
Taylor	2095
simply	1830
University	2800
investor	422
short	1615
bitch	1369
strengthen	2918
listen	1867
german	3469
apologize	2468
that	87
speculate	960
cancel	2367
aggression	3105
adage	1110
40	3072
two	12
exit	3979
jump	2175
after	202
crave	3991
Harry	2794
famous	3320
pueble	3259
Georgetown	2799
South	3209
crappy	3880
kollam	3523
product	3191
different	1743
Lizzie	2467
unfertilized	3540
airline	2693
magazine	2782
12:42:55	1567
10:46:08	3062
health	2778
Ariel	3078
battlefield	3109
palestinian	289
music	1127
A.	47
Johnathan	1797
Kristen	1781
wonder	438
love	1393
counterparty	1689
scarcely	1275
fulfillment	1908
cut	2054
rush	919
automatic	3574
Texas	979
lab	802
specialized	2767
elect	949
http://www.smooth-on.com/p132/beginner-brushable-mold-rubber-options/pages.html	3193
cheap	2689
pregnant	3352
Fe	4320
blanket	4243
skidoo	1944
70.85	2970
cloth	4197
holy	3924
expression	1301
n	3659
Weblog	715
k	2434
basically	901
fucking	1368
which	228
orchestra	3492
decide	1966
Stops	3653
Toronto	2016
val	1374
reinvigorate	302
higher	1156
Diego	3552
fester	315
Netscape	1836
bike	4023
plant	2452
acceptable	1731
amplifia	4110
713.837.1638	1454
48	2636
Futures	1661
by	279
piss	3333
technology	1052
info	3166
tell	579
psa	2304
claim	400
Ratcliff	2337
Brett	2981
sale	2103
King	1808
surrond	2532
http://seattlepi.nwsource.com/national/apmideast_story.asp?category=1107&slug=palestinians%20abbas	3015
findin	3427
firm	2147
cheer	1911
during	274
Sloan	1124
vice-president	2983
intercept	2196
Lone	2409
Hilton	4250
yuppy	3884
Hodge	2138
revert	2174
sort	1160
coast	2766
Album	2625
Strip	3070
buyer	3980
re-wording	1719
imperial	2014
Bellevue	3987
D.	1720
middle	4091
uranium	803
gain	3868
prompt	2059
basis	2273
wear	1972
coach	1778
passing	249
Law	4263
compact	3380
spot	2104
trainer	3322
rot	3710
contact	1509
UNITED	1825
individual	13
banner	3946
authorise	3077
[	716
heure	3581
closer	1137
intelligence	2405
club	2695
affection	1976
9.62	3940
violence	703
sight	1967
uncensored	2759
eventually	210
issue	388
visit	2230
preety	2506
crowd	160
child	3290
quiet	3845
waver	698
union	1960
simulation	2250
11:21	1608
Systems	2255
personally	3053
for	27
participant	590
p.s.	1913
grade	4089
reasonable	3792
impossible	3619
Marines	617
complaint	2882
wing	3848
Meal	3123
Brin	219
London	1890
policy	3075
Crack	3501
281.848.1619	1456
Tina	4300
Mozilla	1056
bad	156
mississippi	1372
blue	3701
gare	3564
veryyyy	4074
asia	3465
seriously	4355
shortly	2344
portion	4239
713-664-7478	1511
situation	701
Laden	310
Carr	1660
totally	852
respectively	604
special	2045
max	1355
further	1707
church	996
aged	661
possibly	1007
blocker	2820
perform	3011
chameleon	3704
guy	971
ruder	4162
bacon	3812
permanent	1048
Omaha	2017
approve	1728
ipo	421
ld	2710
random	1024
foot	3698
relate	406
mathematical	221
Woodland	4006
Pioneer	2127
intrepid	686
i.e.	1431
assist	2809
rescue	920
Jews	574
ride	3607
win	1770
Looking	4339
soft	3705
Dorn	3828
oone	3408
rule	1439
currently	2598
worst	3942
finance	2240
Mr.	4256
certificate	3170
Mustang	4409
out	136
gift	3779
agenda	3100
legnth	926
Janabi	627
can	300
lens	3387
BARTrail	3718
attentive	3966
eleven	412
Wong	688
family	881
remove	1559
understand	2313
McDermott	1903
put	1322
parking	4235
memorial	3180
potato	3482
==----	2761
download	1672
yourself	1006
single	4176
Mann	1553
equal	774
>>	1939
Usman	1817
recruiting	319
incident	85
amazingly	527
address	1462
personal	2292
violent	1323
Air	3549
it	162
either	567
service	997
least	172
Hayes	3433
appliance	4207
impact	3672
rubber	3185
discover	2853
Development	2885
logical	1277
today	83
pet	3750
outbreak	702
confess	2415
John	52
education	4389
big	372
sacrifice	1961
Kevin	1448
submit	589
cover	2242
Bill	2773
heavily	2863
embarrassment	3998
teacup	4289
Ramadi	371
Jennifer	24
Ireland	3220
okay	2229
International	745
motherboard	4373
:-)	1094
!	109
na	3584
airfare	2686
chorizo	3481
Froomkin	930
resident	2891
Mcdonald	4159
chromium	2818
inquiry	2060
should	577
truly	2422
arabes	3327
brilll	3921
tight	3152
Barry	4080
705-7201	1551
immediate	355
bowl	3748
cary	3665
input	2406
earnings	2440
5th	3230
mayonnaise	4063
Habib	3099
Pauline	2324
S.	4070
shame	679
thank	946
believe	553
cream	4062
sunday	1446
http://en.wikipedia.org/wiki/cubism	3161
Lexus	1949
panel	4285
analysis	2007
S100	3379
my	244
human	1894
Hussein	1195
subsequently	2715
Way	1832
tradeoff	157
something	1004
rambling	1015
concern	789
source	1059
struggle	316
Pizza	4067
griffith@enron	1638
architecture	4138
biology	3357
income	1060
owner	3313
moving	4107
cash	2289
memorabilia	4399
period	2694
Kufa	1311
goal	205
conjunction	2602
unpopular	3093
feeling	799
Bryngelson	1517
Israel	260
google	1146
Holly	4145
1888	3213
Base	3551
ball	1366
governor	998
Kramer	50
kidney	3331
lounge	3262
beer	3850
pants	2667
Demented	2430
stage	547
Marlene	1683
sure	918
Lawrence	3842
Darin	1080
build	762
salon	3894
still	619
04/25/01	1566
rather	1438
View	1064
appropriate	2124
mate	3541
imprison	3452
lols	3343
3rd	2462
attract	469
4.0	1669
r2	3250
agree	772
weight	2792
listing	3928
Force	3550
Services	1548
t	2630
hi	2238
airport	3717
unleash	3087
incentive	3003
sit	1270
Derivatives	2169
pleasantly	4381
describe	1069
/	1028
Books	2788
condemn	341
year	31
12/26/2004	3061
decade	3867
litter	2528
China	4335
rust	3981
afghanistan	3669
Saffir	2943
critical	3113
11:16:00	2592
hairdresser	3977
pr	1898
professional	3799
uncover	2751
26	3216
Bridge	3724
order	1409
bpd	2957
inspiring	4137
fast	3825
instruct	1715
professor	2797
inclusive	3608
evil	208
Karen	1021
up	194
soon	291
Bell	3267
Muqtada	375
simplicity	455
phantom	2311
unlimited	2758
nearby	3432
Graae	44
72	2634
hiree	3970
Bay	3614
Israelis	299
sm	3515
Lobby	4224
lack	458
fall	1289
pilot	2706
non-microsoft	1149
superb	4030
glass	4334
overall	3224
Almy	1821
Reader	1670
16	63
rreynol...@cogeco.ca	2495
************************************************	2247
franz371...@gmail.com	2370
Sts.	4073
sporadic	3577
shirt	3770
refuse	2557
Chicago	3490
study	2707
pdf	1593
Palo	3234
phone	1489
shuttle	2573
bang	1173
sharing	2398
Boyle	1606
?!	4156
tomorrow	1469
addition	2049
master	2047
wife	663
book	961
http://www.4gamer.net/news/image/2005.09/20050919032951_41big.html	2512
Times	1263
done	3111
careful	3960
b/c	1388
assassinate	652
freewheeling	214
exploration	2584
conversation	2080
major	294
engage	3222
play	2537
Museum	586
at	171
daughter	664
28	1098
turbine	1595
author	1655
response	540
sad	2586
Alexander	2982
Jolene	1917
private	1175
45	4058
o'neal	1852
waitress	4351
forest	3695
sheikh	55
heart	1010
consult	3735
grass	450
removal	1193
AQ	757
:)	2493
recording	3393
far	1141
occur	844
casual	3286
Midland	978
here	877
Ryan	1793
Market	2066
into	159
those	515
755-1109	3909
deposit	2436
L.P.	1706
throw	2871
eat	1490
respect	628
Tuesday	10
lovin	1495
chocolate	4052
Ramallah	3036
natal	2612
www.thecatalbum.com	2640
software	1105
Mumbai	3196
partially	3049
mediterranean	3948
laden	2856
gal	1749
53	2932
growth	1148
stir	1271
PayPal	2437
remark	1364
text.htm	1922
apparently	409
determine	2314
713.306.7940	1458
veiled	3703
rodent	3763
dual	825
astronaut'	2587
Derbyshire	3207
State	831
qualify	2904
cup	3328
typical	4396
joe	3876
the	1
park	2347
08:52	1686
recruit	3470
Vicky	4301
Phuket	4203
available	2445
thinking	3055
0.1171	2201
plz	2211
Sydney	3602
survey	487
Katrina	2902
3-5290	2214
vu	801
13	889
pledging	1844
Allison	4325
redline	1724
5	1345
kidnapping	676
suddenly	1320
resort	3520
laudatory	457
mimic	2497
Samuel	1785
Greater	2874
32	849
lisa_resume.doc	2261
++	3893
Hughes	1022
sr	4347
yummy	4186
Concessionaire	2096
praise	2994
Jason	4025
she	151
Ave	3498
stylish	4148
Sector	3629
norwegian	3694
feature	475
unsure	3285
Japaneiro	4360
713	1549
heh	2651
first	419
meeting	1531
catch	722
lunch	3474
tax	2133
ces	2109
patient	4163
44,000	2187
honeymoon	1761
06:03:48	1642
G	1086
1:30	1534
officiol	3369
lie	1444
cat	1381
direct	1418
Blue	4097
crash	4051
Electricity	2168
work	199
adhd	2709
editor	2786
square	2191
asset	2110
notion	4231
morning	2042
Mexico	2924
lot	510
Frisco	3280
shrink	1384
Iraqis	176
Firangs	3534
Caoimhe	3350
determined	3047
Allen	2323
jurist	17
so	97
let'	3887
HOPE	2893
cry	809
blow	1214
indian	2618
emotional	1974
point	1188
contaminate	2864
burn	3247
speed	2179
grace	454
yep	2652
agency	2583
cottage	4135
religious	346
ha[[y	3487
blu	4238
newlywed	143
respectable	236
help	276
astronaut	2977
section	1708
item	726
sadist	2735
ghost	1019
tacky	3464
Mississippi	2968
Ash	360
est	3307
library	3246
ALTERNATIVE	2780
warner@enron	1525
thought	940
Hobby	4223
experience	847
presidential	3035
large	1163
.	23
telephone	1934
best	318
Sea	2930
70'	4400
ally	786
bus	415
235-1972	1703
Hank	4120
found	75
transmit	1577
worksheet	2146
ambience	3518
Tyre	886
wolf	810
statehood	3043
1955	3217
appology	2753
journalist	2776
way	173
capability	3383
auckland	3409
valentine	3558
grammar	4357
group	281
Aunt	1869
attached	2084
initially	1191
comply	2910
Goodger	1054
pure	4314
poster	320
base	462
Palestinians	305
approval	744
chain	3881
require	3759
largely	1067
_________________________________________________________________	1905
releif	2745
1999	1023
47k202!.doc	1604
fece	3793
California	1065
horseman	966
look	308
bureaucratic	3012
03/28/2001	2143
Zionists	379
http://home.enron.com/employeemeeting	2022
able	2129
weird	2478
kid	1387
often	1964
______________________	1597
hatch	3538
election	691
wheel	56
offend	2754
wind	2938
imbalance	2115
Cooper	4164
Fox	3936
10th	4071
Columbia	40
frustrated	3411
note	1501
hire	2218
save	3822
ultimately	3059
successful	453
attend	2009
Tanglewood	4376
strongly	775
soooo	4192
botch	4374
taking	1583
Phil	1631
Epic	1117
relative	152
Andre	2649
damn	1045
Yahoo!	497
wifi	3654
space	927
O'Neill	977
Dominion	3457
sf	3431
probably	814
sushi	3986
delaware	3173
responsibility	2990
rig	4234
reluctant	1207
company	184
www.igourmet.com	3620
utility	2331
ban	3503
Power	2062
?	481
Call	3644
proof	223
29th	1533
Broadway	2802
gtownsend@manorisd.net	1735
http://unitedway.enron.com	1833
fiction	2401
instead	2726
tourist	2585
Pam	2335
BBC	2553
Martin	1804
disrupt	2921
Post	1331
think	529
between	476
comment	1313
tower	4309
pepper	3838
18	2987
Vietam	3670
alive	1164
Cartoon	558
ntkb	3299
eh	3849
approximately	848
convenient	2308
community	1093
cool	1396
join	1083
alt.animals.breeders.rabbits	2375
Lynda	4004
Hull	1811
jihad	384
kindest	2208
upper	1294
shipping	3955
CPA	1187
clan	674
Dyk	1801
sky	502
blouvard	4113
substantial	678
News	2458
successfully	2808
publish	1658
terminate	2271
brownian	2173
numerous	3637
http://www.usatoday.com/tech/science/space/2005-03-09-nasa-search_x.htm?csp=34	2568
inform	1704
body	1210
darin	1095
gerbil	3765
sex	3772
http://www.4gamer.net/news/image/2005.09/20050919032951_39big.html	2510
scheme	3101
shit	1759
http://www.stuff.co.nz/dominion-post/	3460
Jennings	1803
McGilloway	2037
deny	572
robert	1496
notice	1924
young	304
maybe	1246
beach	3146
btw	2518
slot	2228
terrified	3740
Hobbs	3840
sector	2241
Bruce	1610
Achilles	3696
closely	2603
world	397
Shaukat	1818
knowledgement	3134
dirty	3913
pretty	1291
seat	3839
Mcmanus	4005
uh	3401
guerrilla	113
ect	2531
self	224
affordable	2907
implement	1413
animal	2454
Suzanne	3351
Fun	4225
star	3692
speculation	1025
mexican	3590
irc.yankeedot.net	2397
Deco	3349
napkin	4198
reflect	2285
memoirs	941
context	3546
emptiness	390
mail	2079
Jackie	2094
Scotia	4134
precede	2275
chunk	506
limit	550
particularly	994
dumpy	4233
desk	2051
indoor	3749
satisfying	1955
business	429
Cindy	2149
soil	2862
monthly	2207
4gamer	2519
terrorist	278
Cracker	3505
GE	1588
America	808
fallacy	1278
Pie	4277
indication	1622
Mo	4280
early	1910
amazing	3731
fourth	2610
03/29/2001	2139
Institute	2251
consolidate	395
seafood	3130
conventional	1571
secret	2671
management	4232
material	1579
papers	543
timely	4016
prevention	4388
beauty	4315
+1	1936
winter	1630
foreigner	3467
08:14:00	3117
attraction	4304
chihuahua	1394
server	2396
mall	4130
1080	3390
anniversary	3428
tip	910
invite	523
pedi	4299
wake	2906
c	1457
really	798
aye	3412
Vincent	2237
transportation	1692
!!!!!!!!!!	4341
declare	2572
greater	1005
have	58
Abbas	3021
step	3110
Kelly	1698
toll	2597
Dr	3826
spectacularly	428
GOOGLEZON	1131
sign	2193
48604	3907
harmless	2670
apply	3485
living	3847
//	3125
demonstrator	135
Luxe	4034
observation	2188
weekly	3756
Garcey	1611
Vernon	2263
particular	1136
chair	57
5.76	3121
fed	2132
2	596
Friday	939
florist	3892
murder	342
$	903
Hamas	78
town	1856
http://explorer.msn.com	2209
giant	2965
armed	632
chart	1666
ridiculous	4059
diverse	3937
this	4
station	118
cordobes	3326
enormous	148
May	3215
fries	4395
torture	2741
goin	3661
Muhammed	3091
Tehran	539
offer	1648
roof	4286
English	4036
insurgency	1196
:?	1599
Tom	1225
prime	3854
http://www.google.co.uk/search?q=forensic+photography&ie=utf-8&oe=utf-8&aq=t&rls=org.mozilla:en-us:official&client=firefox-a&safe=active&sout=1	3362
efax	2366
Minister	654
exciting	3835
sooooo	818
seaview	4123
Director	2914
demonstration	373
500	2069
mmog	3899
adviser	1020
horrible	3808
Del	3279
Building	2342
blast	2417
criminal	378
limitation	2362
bean	3162
photo	755
mention	1619
dp	2101
substitution	2716
offensive	3509
lmao	3129
amstel	1915
personality	4150
developiong	1026
frequent	2682
would	217
January	707
obvious	4270
http://www.4gamer.net/news/image/2005.09/20050919032951_21big.html	2508
file	1675
%	4078
thankfully	4312
evening	1288
ice	4039
argue	839
bilateral	1424
death	287
salad	4061
sixth	1620
guide	684
CCGM	1705
old	1109
harmonious	1956
social	1237
disorder	2725
Phx	3951
ahead	1732
Conservation	2449
indicate	1044
simultaneously	1197
than	446
suspicious	1292
Rodale	2784
host	4185
passport	3397
hall	3495
create	220
campaign	641
Baqubah	112
Alto	3235
2002	1260
peak	1628
launch	64
Villega	4257
via	906
peiod	4369
Peak	3206
4th	2025
river	4026
arab	104
203.674.7723	1602
10mm	2099
Visit	2158
caricature	546
8,000	601
bring	398
gorgeous	4322
rank	779
Traci	1545
Polish	1240
apartment	1748
Word	1590
certainly	1885
6400	3382
~	2391
MIRAMAR	3316
dealer	3416
category	2920
erm	3340
Condoleeza	872
ticket	2690
5250	2435
wall	958
Ed	687
September	545
crop	2848
CRAZY	3174
helicopter	123
Perlingiere	2089
project	233
spiritual	76
evacuate	820
baguio	3148
minded	3532
Putin	765
06:23	1640
kerala	3511
buffet	3941
brain	3993
Quarters	3066
spread	2006
plumbing	4212
Vladi	2000
Gurgaon	3927
tan	4379
executive	2577
woman	2659
panties	2655
yum	4007
satire	712
oil	2916
taco	1389
23	1687
inside	1043
loss	2793
mountain	3677
garden	1471
thanks	1167
crucial	1102
experienced	1228
rail	2614
satisfy	1493
989	3908
better	733
highest	1621
Fiji	3600
lovely	4182
distribute	1632
slope	2194
shiite	374
transporter	2114
sleeve	1973
hell	3254
backup	3829
likely	501
Sophie	4188
McDonald	3264
hover	1941
Burch	3917
vs	1594
customer	468
johnstaikos@paulhastings.com	1603
3,	2325
bryngelson@azurix	1497
secure	1047
scottish	3426
event	938
fascinating	1165
85,000	2961
08:28	1766
electric	4242
rest	3244
Marlon	4193
room	3609
Center	2459
patience	90
affair	1211
sincerity	1989
arise	768
Aransas	2358
to	14
cease	3089
Acrobat	1668
s100	3376
question	767
hav	3514
Philadelphia	3281
cavity	4386
Industrial	2254
process	284
West	3028
couch	3154
fresh	3926
GG	3723
seconds	2718
commercial	3001
4105sf	2125
about	197
willpower	2492
click	2973
oh	4060
helm	2581
scary	811
sense	1169
lurking	4271
Iyad	655
suspension	1437
recommend	2734
1.3	2779
crossing	3631
homeless	2905
occupy	271
stupid	3249
they	80
Mobil	2963
-	30
strictly	1932
fighting	383
Firefox	1030
raw	1996
cable	4370
Sundays	3198
2004	950
IS	1950
chase	1751
deliver	4031
Gonzales	1805
downsize	1201
snowboard	3790
somebody	2029
River	2896
crew	131
somewhere	2662
Qaeda	251
committed	1205
instructor	3888
repair	3911
wedding	884
http://www.4gamer.net/news/image/2005.09/20050919032951_40big.html	2513
steep	967
Canyon	4319
vietnam	3666
satellite	1040
240	2939
rip	3795
Frank	3699
Keene	3786
yesterday	1089
dig	2309
interrogation	2414
Khalil	3092
again	2244
strip	2349
M.	25
Hall	3439
73	2635
sorry	1994
cargo	3002
recovery	3305
Scharffen	4053
USA	3402
northern	634
anyone	464
ulterior	1235
Canada	4273
u	2627
matt	1853
san	3585
cos	3151
A	3833
Anketell	49
Valero	2958
none	1107
convince	3095
shine	3708
whole	509
al	250
Met	1521
dear	909
mark	2033
embarrassed	1347
Kang	1788
show	491
onion	3824
clothing	3959
control	1049
Toyota	3944
gte114t@prism.gatech.edu	2258
tidy	3885
not	82
evaluate	2217
Challenge	2165
z	1282
scare	3746
Muslim	630
prize	599
operation	394
Land	3058
fave	4018
depict	525
decent	4151
90	2717
unique	3545
desert	3678
Preuss	2795
staff	1217
serious	1046
or	170
please	1481
theater	3903
nazi	3304
wish	728
Dr.	2236
style	1241
alt.animals.dolphins	2380
prohibit	1488
Samarra	682
bode	705
01:58	2121
auhtority	1416
place	1433
Depot	3261
toward	3106
Calgary	1881
Mohammed	518
enlightened	1161
waive	832
engineer	1055
schedule	2801
Phillip	2269
install	3576
hmb	2825
212-848-8400	1937
examine	4260
wealth	2840
economic	1242
Kasna	3633
Les	1397
flag	3444
publication	541
leave	368
leader	77
web	1077
Spastic	2427
official	168
leadership	290
card	1843
http://lingerie.selectedsex.com	2672
----==	2756
tap	3809
insurance	4180
let	1307
UN	1206
Free	4100
18,000	2582
must	1427
Jen	1361
unsolicited	2564
among	317
accommodation	4128
critic	1265
electrician	3853
wide	336
irr	2356
Ghulam	2407
solidarity	1296
romantic	3436
km	351
Ahmed	344
even	262
live	2021
fantastic	1362
ad	463
matter	2083
.doc	2087
punchline	242
ordinary	2190
Tech	2222
Yasser	3040
elementary	4090
walzem	2352
deserve	3323
revisionist	3680
theatre	3836
dance	3421
..	1948
team	1159
completely	3994
trial	2560
hat	3064
!.	1774
Fine	4329
trapped	3747
born	4160
courteous	4362
trenchant	1264
Octel	1453
TJO	2673
climb	2466
every	1135
employee	230
alt.animals.falcon	2383
therapy	1244
Daniel	1787
morcilla	3611
seem	163
2:30	1535
Baath	167
adverse	1710
without	1442
courtroom	2558
cent	2926
crazy	3178
proud	3138
pertain	2270
interior	4412
planetary	2595
assortment	4094
present	183
tie	2692
succesfull	103
Kaminski	2163
dailyem...@ebs.bbc.co.uk	2556
internet	817
enthusiast	2501
role	1066
message	399
Catriona	1895
Offices	4264
Kathleen	2122
walk	3437
treat	3592
laughter	956
easiest	3754
browse	2479
Scientist	2975
list	729
jungle	3676
longer	4375
Jim	708
picture	2481
vast	2837
update	2472
LeT	2410
Home	3260
polite	3851
finish	1352
9	3034
attack	60
and	70
Josh	4383
luxurious	3865
abduct	666
Senate	993
Kahn	758
:(	3675
Housing	2877
fly	2588
------------------------------------------------	2563
tutoring	4088
ewww	3624
resolve	323
backyard	984
poor	3920
reference	1305
??	3150
museum	3815
21	3239
do	81
White	931
anywhere	2363
oppose	286
transmittal	1926
portal	3897
enter	1417
MD	2071
receipt	4402
Mery	2360
write	562
libido	3972
towards	2988
breakthrough	2500
Palestine	583
imprisonment	3450
healthy	4330
Hilliard	1684
accord	645
se	3563
Orchestra	3489
09:01	2140
strange	2738
Holocaust	526
lowest	4380
Winfrey	1861
Gulf	2923
District	39
defer	2310
stroll	4317
alternate	1776
cartoonist	524
Barling	4230
..?	3513
Michael	1901
positive	2206
run	815
research	226
Iraq	359
timesheet	2027
Cinema	3901
HANO	2883
force	340
per	2900
annoucement	1088
whatever	1492
McLeran	1129
yuck	3622
id	2134
sludge	2855
Problems	4211
Dallas	1520
west	352
notation	2225
store	3567
Doda	2411
boy	1001
cartoon	516
saturday	3228
promotional	2339
gentleman	3591
gem	4029
contain	1476
birthday	3238
species	2455
travel	2687
appetitie	1494
smooth	4204
pander	835
nor	785
horse	3179
pleased	4033
assume	3177
copy	1563
09:11	1737
Julie	2533
loathe	923
favorite	3796
four	986
kestrel	2345
etc.	2620
tough	482
proposal	1540
missile	3080
School	2253
beating	3084
student	2232
teacher	3139
great	447
except	4371
Kliotech	3896
Syria	907
useful	2471
Heritage	2341
http://explorer.msn.com/intl.asp	1907
where	1189
greatest	3919
Ali	4385
menu	4361
pack	1746
forgive	1327
collect	1935
vice	1701
hereby	1929
bid	1616
Bus	3652
replacement	2354
ache	4105
how	609
coffee	3800
ipod	3657
tampa	3612
boat	3398
rate	2205
meet	620
Methodists	999
clothes	4147
efficient	460
idiot	528
--	181
Player	3345
Risk	2166
announcement	1096
Federal	4072
data	1997
cold	4040
burger	3837
Council	387
next	507
Ryner	1101
unleadedstocks.pdf	1676
Santa	769
he	66
wrap	3943
display	4372
Sarah	1783
mouse	3764
North	790
UK	3205
!?	3419
restraunt	3488
NTRC	2296
companion	2387
tear	3761
INDUSTRIAL	3858
find	301
egg	2535
ste	2068
Harlan	4364
carry	4336
urge	2740
NiMo	1612
LA	3594
Defense	657
coleslaw	4064
Wahhab	626
cloak	3038
belongings	3958
establish	3967
learn	3618
loving	2389
Engineering	2256
!?????!!!!	3378
Shaikh	624
Antigua	1740
additional	1627
straight	1990
Sungjoo	2223
sam3102.doc	2088
smartphone	3372
hop	3721
baiting	2749
act	396
.?	1592
curry	3964
see	613
Singapore	2697
24	3655
0.0585	2204
Coke	2868
initial	2806
fisrt	1998
Wesley	1000
Rob	1516
American	867
police	117
ps	1518
alt.animals.eagle.bald	2381
unlikely	1326
WENSDAY	3673
life	962
GNOFHAC	2879
miramar	3131
03/27/2001	1736
usenet	2760
similar	2872
instrument	1653
stall	2330
webmaster	2460
impressed	3852
punjab	3274
taste	2736
Bridies	4219
delivery	2156
Berger	4054
annotation	1565
cab	3638
escape	3738
hear	188
jen	1356
Phunnarungsi	2162
paint	4411
Walk	4215
nuke	763
Gare	3571
morse	3910
Malaysia	2696
grooming	4293
Contemporary	584
mire	851
Walmart	4227
mop	1232
solution	261
usual	4390
beware	3794
unable	2008
de	3422
might	1943
from	0
anti-smoker	2486
opportunity	1099
village	2834
purpose	1909
fertilized	3542
expeditiously	1412
Animal	2457
Pancras	3295
writer	925
smoker	2485
yr	4012
more	445
relentlessly	4261
predictable	853
test	2705
woodrow	1468
retire	16
alcatraz	3730
version	1558
principle	1012
Canon	3373
already	795
!!!!!!!	3783
delightful	4187
Civic	3435
Mobile	3334
afternoon	2268
Faz	3400
lesson	4002
capture	4172
Matt	1125
summer	2219
rice	3163
definately	4117
video	3391
cow	3925
http://www.bbc.co.uk/news	2562
Perry	2912
toy	2541
review	1580
surprise	2701
territory	3074
easily	3181
\\	3124
Posts	3458
1990	275
handle	1176
nice	2246
husband	3347
moment	2423
Queensland	2170
national	2607
0.0076	2200
doberman	1382
compaign	668
Renee	2265
5765	3298
tab	1999
plane	3606
missing	3310
previously	1727
blog	718
sx40	3374
ramp	4104
f/2	3388
disappoint	4174
....	1771
internship	2233
easy	1828
dollar	603
unforchunitly	3556
W.H.S.	972
cola	3878
redevelopment	2895
4054	1542
Gov	1406
accurate	1646
especially	675
Constance	2023
prevent	1209
associate	34
witness	473
Hollister	3962
05:09	2144
parakeet	2496
filling	4019
level	1883
absolutely	695
afnd	3559
barrel	2928
contribution	1829
when	139
Kirkuk	417
Sinatra	3700
mjmcdermott@hotmail.com	1904
wrong	169
cage	3537
Winterowd	4328
dry	2841
withholding	2282
Bank	3029
kind	1711
cite	488
Haight	3725
image	2108
all	72
revise	1286
veteran	2574
entertainment	4095
responsive	3802
average	3201
hoodia	2823
extract	2816
pay	578
collapse	3054
Mercury	2599
digic	3395
Fair	2876
exchange	2836
WAY	1826
OH	2546
mix	1806
buy	1651
starch	2819
SF	3429
certify	3172
donate	4050
knowledgable	4338
.......	3159
Debra	2043
overnight	3081
useless	4349
ski	1945
gratifying	2739
Monday	2048
Azurix	1503
need	1153
lower	4368
alt.animals.ethics.vegetarian	2382
around	587
Captain	3065
complete	1647
important	1876
bell	1390
apt	1975
suggestion	2373
flash	3707
http://www.4gamer.net/news/image/2005.09/20050917034321_2big.html	2515
appeal	485
iranian	750
swedish	512
dodgy	3414
22	635
malaysia	3468
intimate	1959
http://www.4gamer.net/news/image/2005.09/20050917024918_1big.html	2517
grill	3479
thing	1009
blackberry	3367
under	408
whether	443
care	1515
22th	2504
1998	2183
Simpson	2944
lawyer	4255
Lavo	2005
cocker	1385
Urchin	1034
San	3232
I	98
boil	3332
before	347
essential	2909
definitely	1339
convert	1940
supplies	1629
9/26/2005	3116
alone	1993
huh	3621
203.961.7523	1600
---=	2764
Govt	3641
ridiculously	426
svp	1505
israelians	71
Joan	1763
affectionate	1954
Masoud	554
_____	2425
hpl	1713
cake	3686
enchilada	4010
Union	743
stockpile	807
client	1455
R.	2473
garter	2657
property	2353
photography	3354
Aires	3143
normally	3016
RTE	3344
hahaha	2372
Toni	1870
Oval	959
line	1360
behavioral	2727
car	115
rotate	1198
wrok	4363
Amazon	1130
once	1014
passenger	3640
interesting	1889
heartland	129
pudding	3616
delicious	2441
surroundings	3753
dui	4346
container	3743
letter	2243
Mrs.	4003
condition	4294
intern	2216
snack	3685
Najaf	1319
congratulation	1769
advocate	1434
behalf	1659
along	277
meaning	1877
Roma	2359
Hilla	416
blank	1560
conviction	1987
Jose	3233
retransmission	1581
small	1138
administrator	2997
go	608
Tellechea	1813
?????????????????????????????????????????????????????????	3554
guarantee	1589
Duty	4099
stochastic	2249
100	1865
daily	4042
CCNG	1695
teeth	4121
course	838
lingerie	2660
flood	2619
Keys	2936
ur	3596
purchase	2111
price	427
IAEA	771
introduce	981
pincher	1383
tat	3508
nope	3137
ton	3953
Steffen	42
installation	2945
Nov	3229
Fred	2578
!?!?!	3674
39	2433
share	2274
http://www.couchsurfing.org/	3153
1100	2639
coward	2747
Baghdad	353
amendment	2307
druggy	3413
midnight	4092
Scott	1634
England	3342
selection	2400
bird	3273
week	232
option	1839
oolong	2814
load	4103
K	2622
2003	2451
settle	2004
phenomenon	859
mani	4298
band	3973
thorough	3873
willing	2733
each	1435
privacy	2769
air	2346
never	776
ergo	1280
Boone	1449
considerable	1970
ENA	1617
0.0022	2202
List	2429
)	158
Israeli	3085
give	229
Ill	794
sweetheart	1245
rid	2522
3-5076	1848
ire	3451
fix	3831
ferry	3639
cleric	349
activity	3223
directory	2097
Nova	4133
i	1334
medicine	2798
bedevil	685
York	2019
vii	2316
Sheikh	343
tropics	3974
filibuster	992
however	1618
boyfriend	3282
fab	3781
influnce	3160
propter	1281
Gregory	2579
coal	734
37	3630
striking	1298
call	752
non-human	2453
promote	2698
GummiBear	3251
Hill	4140
danjones@paulhastings.com	1574
french	3766
manage	2167
outside	116
pod	4106
SEO	4206
12:05	1499
travelling	3221
08:02	1403
Pak	1786
trainee	414
Noel	48
solely	1654
guess	1008
Jan	980
militant	1297
problem	467
tortilla	4009
scarce	2908
Awsat	362
fyi	2262
black	711
postpone	890
Fatah	3046
Townsend	1733
Priscilla	2113
mind	3589
political	339
Abdul	625
system	2075
camp	3147
chicken	3477
methodology	2267
Prime	653
Applied	1036
fine	568
intensive	2730
same	749
double	1252
21202	2072
James	2911
sniper	413
perfect	3519
Knight	2365
anybody	898
few	735
army	146
Agency	748
Hewitt	2297
thousand	3311
face	681
davidr...@optonline.net	2374
clarify	2098
ass	1379
silky	2676
72,000	2956
June	2185
04/26/2001	1554
404-449-1026	2259
Tikrit	642
estimate	782
wildest	2850
forget	1016
fulfill	3042
Natasha	4170
hidden	4028
nail	4295
semi-objective	3017
dislike	2538
replace	15
Sat	2551
ship	4348
punishment	1979
Montparnasse	3572
ps.	4087
neoconservative	1218
construction	4236
exclude	1223
10	1057
calm	2843
rev1	2091
archive	2644
asap	1633
mother	3739
http://www.budgieresearch.com	2502
female	3296
themselves	2393
Appeals	51
die	511
unitedway.enron.com	1837
else	2030
justify	500
illegal	913
gb	3658
demand	766
back	1880
Burger	3265
pleasant	3805
add	499
protest	2559
close	363
smoke	1859
southern	885
htp	2822
7	1324
japanese	2480
welcoming	4327
science	2402
awsome	4017
37625	2036
hot	1750
directly	1561
girl	1470
coupon	4253
former	948
Action	2878
Selah	3060
registration	3810
well	644
shoul	3561
220	3496
Scudeiros	1519
extend	1081
Christa	1860
wait	3601
brave	1132
Palestinian	272
8	2439
allow	1230
intractable	4200
bite	1378
amd	3562
cruise	3399
violate	2887
ragnarok	2371
Harvey	1918
consideration	2046
Huwaijah	643
element	1103
Britt	4068
cliff	968
mutual	1962
All	3461
incorporate	3214
battle	648
Iraqi	369
Florida	2935
disco	3932
,	41
earlier	694
lost	3338
uncomfortable	3774
Muslims	612
NYT	689
ever	418
Aaron	1128
news	1868
loose	756
relax	4241
correct	2123
drastically	3886
himself	3039
Sean	1605
detail	2264
bright	2234
fussy	3760
St.	2889
Chahine	879
Webb	1802
teenager	3494
beautiful	3145
prettty	3377
3-3264	1851
lash	3114
court	19
end	478
prior	2284
mess	1233
houseboat	3529
front	1946
conduct	2561
guality	3806
scale	1200
shut	2866
five	1513
hope	91
contract	1420
adorabledelia6...@gmail.com	2681
any	683
Cat	2624
nationalism	256
pub	4353
mexico	3587
beat	3870
Lewis	2299
security	3048
interested	1349
border	3023
low	477
Philip	1257
Commission	1256
lovley	3780
rise	2917
questionsand	2082
unlike	855
authentic	4274
communication	899
Wolfowitz	1215
pie	4272
suffer	403
samantha	3935
Vangie	2038
meal	1428
subject	1714
amt	3758
as	33
skinny	3715
local	175
imaging	1041
dude	1739
below	2117
admin	1441
fractional	2290
welcome	1079
trivandrum	3521
Line	2053
mechanic	3983
thinker	1983
motive	1236
fact	573
Newsday	253
flavored	4108
transaction	4404
hostile	124
land	1896
viewpoint	1166
R2D2	3252
time	130
delete	1485
essay	3365
respects	1657
proper	2281
Random	2803
both	710
Benitez	1820
answer	991
cramped	4157
Norman	4313
empanada	3325
hoc	1279
honest	4077
influence	1171
tasty	4131
!!!!!!!!!!!!!?	3751
may	306
allege	401
Francisco	3236
naborhood	3560
quite	213
Heather	1742
database	3929
super	3965
Authority	1183
forensic	3355
Mosul	637
Hurricane	2901
twelve	3890
Ben	1053
20	2783
reserve	2903
being	4202
theyy	3133
pork	3164
esteem	1971
flawless	432
otherwise	154
Christmas	727
nicer	1754
solar	4284
multiple	2594
15	29
contemporary	4149
descendant	3051
Constellation	2061
purr	2647
area	22
second	575
Sources	714
india	1346
interpret	2322
infertile	3706
winner	597
Ashdown	4082
bloom	3823
exceed	3010
dish	1429
cost	2979
involved	1092
bother	3736
read	238
hence	915
agent	2278
knowledge	1221
Miramar	3127
...	1106
Encino	4114
loan	975
communicate	3969
dead	370
israeli	269
quote	924
inevitable	1177
discrimination	2881
photographer	4171
anticipate	944
inconvenience	2469
ya	3341
allen	1351
fertilize	3711
argentinian	3128
siding	2327
Star	3691
aquire	1142
bare	3218
entity	1578
text	461
song	3424
title	951
Pakistan	2606
express	787
discussion	1726
experiment	1238
procedure	829
Discrimination	869
california	3588
incompetence	1185
Investment	1767
gf	3516
scene	970
lisa	1336
Adobe	1667
civilian	1213
compromise	259
Nina	878
everything	2527
strive	1980
person	636
Mateo	4296
seamstress	4408
simple	470
conversational	2499
red	2661
word	738
difference	1991
cosy	3846
success	1104
rewarding	1892
reporter	896
United	328
geometric	2172
white	3646
GASES	3859
charity	4048
Mannino	2444
payment	2266
runner	3031
block	3914
Marathon	2955
participation	706
too	243
fm	2611
reason	73
Hotel	4190
sleep	3742
World	2431
60	591
contactable	4086
80'	4401
Hassan	1302
Atomic	746
revenge	356
jackass	1953
screening	2704
encryption	2770
frequently	2688
Westerners	552
send	569
above	489
PM	671
quit	2483
potential	3027
alcohol	3777
right	720
Butler	2336
crudestocks.pdf	1677
surprisingly	4101
explain	1250
passable	4352
Davis	1432
Hinze	1794
aspect	2604
story	5
fee	833
these	190
ssome	3407
nightgown	2677
chemistry	3358
Station	2978
weed	3405
try	721
Fisher	1082
sophisticated	2498
LTD.	3861
Saginaw	3906
plllz	3483
hoot	4279
Thompson	1126
affliction	2596
House	932
Phone	3335
feedback	2050
cheese	3813
take	680
sing	989
Provisional	1182
flower	3922
wallet	3597
Thursday	2231
remote	2833
AP	2
boob	1338
yet	121
greetings	2772
theory	1888
mythical	836
smoothly	2333
08/16/2000	1498
advice	2164
roll	2078
withdraw	3073
10300	2340
recommended	4205
09:25	1920
Varkala	3530
European	742
3,40	3578
nothing	900
youtube	3425
Moon	2980
Armando	4265
Asia	856
explore	549
e	2631
Chowk	3635
indie	4397
:p	4303
beacuse	3486
sexual	2744
http://discountairlineticket.blogspot.com/2005/10/some-techniques-to-...	2702
state	204
east	2765
Press	2785
visible	3506
Qaida	314
class	3931
Iguazu	3118
DTC	3642
irish	3417
briefly	140
lifestyle	1921
Rod	1529
Melanie	1807
Fri	2550
ammazing	3531
street	837
get	147
make	95
population	2714
ect.	3939
Road	3651
belt	2658
Auckland	3406
hector	1858
compile	2447
endowment	1539
dentist	4356
lng	1506
George	1734
Woodson	1764
clearly	1440
metal	2861
rat	2385
deja	800
spanish	1202
talented	4195
Jacques	2328
media	1121
Piramar	3315
start	1504
dieter	2807
track	1947
differential	2719
neighbourhood	3978
baker	4276
natural	2789
calzone	4027
Shaalan	659
pain	4201
Pepsi	2870
seller	2403
H	1538
iso	3381
Libya	759
everyone	1423
q	945
pad	4144
kent.shoemaker@ae.ge.com	1562
hassle	4310
protect	673
spontaneous	4173
restaurant	3141
advance	2931
reign	2996
endeavor	392
apprised	3803
Monthly	1248
Arafat	248
qualified	2899
connection	466
suburban	3493
Arab	868
blogger	3018
pigment	3136
hit	857
freedom	551
reversion	2178
Army	1325
Mi	4020
Rita	2919
freshness	4167
embroider	3985
rocket	3068
arrive	2852
Luna	1810
credit	2077
hurt	1978
17th	1773
Sunday	3456
Ca	3257
country	557
reliable	1644
market	2283
Crenshaw	2213
weak	677
through	741
city	111
Brandon	1809
continue	268
cozy	4281
cps	2056
strong	312
involve	2616
over	783
greatly	2058
ready	1376
Adelia	2679
manhunt	165
Unconfirmed	713
http://news.bbc.co.uk/1/hi/world/middle_east/4281450.stm	3063
Kenneally	1344
arrest	141
geiven	3720
awesome	1741
Doctor	4119
Loretta	1410
long	582
follow	969
nt	3288
shape	1147
behead	667
cue	311
british	4275
contest	534
improve	4035
propose	1624
size	3188
atmosphere	3801
provision	1414
realisation	1958
dream	2851
reasonably	840
jill	1350
interest	1162
camera	479
++++++++++++++++++	3834
Yaqubi	1273
Applebee	3269
laptop	4015
conference	717
net	2279
vangie.mcgilloway@powersrc.com	2039
formalize	1113
w	2105
Blacks	3462
marisol	3889
bcaa	2826
attention	2153
john	1637
who's	203
Regency	2013
sculpture	3176
phrase	1315
Grill	3434
occupation	405
Interior	4228
Fallujah	133
Jeff	2145
development	1151
US	120
Symphony	3440
thai	1203
sufficient	3004
Valley	3949
trader	1893
precious	614
deploy	330
3.0	1671
ISS	2985
ago	69
eva	3791
predominance	1293
freelance	2775
p	2628
Party	693
Argentina	3119
real	434
say	377
shop	4024
discriminate	2708
slightest	788
evidence	760
confirm	1108
Mike	1900
battery	4045
accident	2615
fm78	2351
classical	1276
Khader	3098
print	514
Joke	2428
:	6
Baiji	638
5233	3287
away	3709
TCHO	4055
beyond	2849
shal	3517
sunni	128
lights	1916
vhs	3241
suckup	192
asian	3471
Roadways	3627
md	2796
cleaner	4245
bulk	3242
Fabrics	4226
technically	3366
apple	3656
somewhat	805
July	888
negotiation	265
recordkeeping	2295
actively	1222
Holy	3057
want	520
Larry	2298
hand	1224
Shiites	1190
luggage	3568
effective	326
carrier	2530
extreme	1251
poss	778
stunning	4126
ible	2465
August	1772
fill	292
expensive	3443
energy	1011
eye	3702
heel	1087
partner	1984
extrememly	4367
seven	4122
fair	548
yound	142
Auditorium	3441
set	887
France	3291
proceed	2112
later	813
PRESIDENT	954
email	1487
game	1467
dog	1391
training	3168
prison	570
outcome	3968
fifth	780
nuclear	730
smokehouse	4166
supplement	2790
arial	754
Mall	4229
spend	902
Hanson	1823
microdermabrasion	3874
3-5213	1845
while	1358
Blogger	1039
chronic	4199
starting	3194
talent	1112
6	1697
Electric	4210
cheep	4252
Ashtamudi	3527
T	2137
search	448
cheerlead	3933
school	2245
anything	444
Prophet	517
correctly	4248
who	187
tenterhooks	2951
ply	3628
..........	2869
enrich	804
30	2184
lightning	4141
satisfied	4410
pup	3807
Nasrallah	1303
importantly	4282
skill	3360
applause	988
come	3
simulator	4305
revolutionize	3371
Venus	2600
enforcement	2888
temporarily	2580
bit	928
bunch	821
clear	164
conceive	1122
refugee	3050
online	2711
unrelated	410
blood	3615
sweet	2925
etc	3660
08/17/2000	1607
district	2412
---	2057
unchanged	1068
rocky	267
Saddam	1194
http://www.4gamer.net/news/image/2005.09/20050917034321_15big.html	2514
candle	4000
Charge	974
subterfuge	1982
in	20
myself	2076
progress	2949
will	101
searching	3484
other	480
4.6	2102
subscribe	2565
mode	1033
Russia	732
against	137
past	797
breakfast	3473
Garden	2897
a.m.	2010
statue	3187
Neocons	1249
***	45
53596	2148
off	2055
discussing	4011
.........	2542
traci	1524
power	1443
ashamed	2664
Caldwell	4179
industry	3007
on	9
one	231
tattoo	3504
clean	1723
Taj	3649
foundation	1986
lock	3598
PIRAMAR	3317
http://www.4gamer.net/news/image/2005.09/20050909152208_14big.html	2516
Xinhua	334
preference	2294
Anderson	26
accuse	2886
O'Keefe	2570
amenity	3734
defend	4262
strategy	227
announce	595
invest	3000
mac	3120
whisper	420
water	2838
http://www.4gamer.net/news/image/2005.09/20050920111900_21big.html	2507
UP	3626
very	1091
twice	4165
Warrick	1226
college	1392
exceptional	4258
HHa	3167
Department	830
incredibly	2526
drop	2329
root	451
1.1	1070
party	298
termination	2272
Lee	2248
66.80	2927
strength	781
Orleans	2875
edge	1051
rain	862
VI	2894
stuff	1745
wasted	1337
gross	1184
silicon	3184
dishonest	4152
code	3277
highly	616
field	1838
Sewell	1790
Rice	873
agreeable	1365
lay	3539
2005	1058
Avenue	4297
rib	3855
larger	2713
Zipdash	1035
be	59
administartion	1422
execute	1730
attorney	1928
s	1407
choice	381
breed	3713
annual	4214
norm	2712
prophet	564
interview	2226
U.S	2157
offshore	2947
round	3083
fish	3478
spasm	2569
pass	936
depend	700
Neal	1635
Baltimore	2070
quality	2641
what	442
board	348
day	180
closed	3817
El	1507
locate	1430
another	122
just	191
SX40	3384
gas	1691
bridge	893
grateful	1192
exactly	4146
housing	2880
Dan	929
dealing	1253
<	1399
410-468-3798	2073
pick	3253
outlook.jpg	2432
nearly	431
amount	149
change	1013
onto	3722
reintroduce	982
limited	3719
mighty	2839
range	337
Sharon	88
Afghanistan	3667
ta	1502
Chillicothe	2545
Mayfield	1850
mount	640
recently	1227
cockatiel	3535
attendant	3466
Sushi	3989
Twinky	3682
heavy	2860
escalate	3071
lol	2476
raffle	4311
gone	3816
Smith	2680
Mass	3841
strawberry	4096
cause	1285
warrant	1272
dissemination	1582
cordon	4237
eastern	110
nationality	3593
Transport	4084
retaliation	660
outsource	2989
Donald	874
include	206
excelnt	2972
Amir	4118
within	2368
production	2922
Nimitz	2343
neat	4218
valuation	503
acquisition	1032
pleasure	3879
freely	561
feed	3757
Jo	3348
stop	669
smell	1758
audiobook	2394
http://www.google.com/search?aq=0&oq=crazy+horse+mem&gcx=w&sourceid=chrome&ie=utf-8&q=crazy+horse+memorial	3182
thr	3533
reveal	1332
administration	1212
male	3278
italian	3999
arm	1299
22nd	3283
detonate	114
2008	1133
twinky	3684
access	1419
entire	239
huge	505
stress	2536
open	538
375	3189
December	2182
interim	385
charge	834
its	331
therefore	1284
alt.animals.cat	2376
secular	255
seak	2668
dresscod.com	3300
fertilizer	2846
cancer	2859
true	1031
stereo	3392
hello	2593
fat	3952
mi	3258
;	241
Oil	3648
personable	2235
quick	1500
cater	3883
http://cambridgefoodfrivolity.blogspot.com/	4158
expert	2303
age	2737
Destiny	4324
Saab	4366
Zaman	647
h	1459
homely	4184
consequence	1328
plan	198
kill	68
smaller	4056
keep	313
center	2350
Eduardo	1812
Springfield	2106
Coalition	1180
Nook	2590
luckily	4177
dm'	2549
various	2306
@paulhastings.com	1572
habit	2488
McDonal	3270
"	207
opinion	245
Kathy	1849
CPS	2064
kudos	3255
noncombatant	623
joy	4316
prove	86
bountiful	2847
pull	1875
sound	2361
folks	866
lose	89
stock	424
model	430
Zahar	3088
sue	871
Breaking	2554
hca	2811
herein	1643
assault	650
road	264
Hyatt	2012
remember	508
http://www.4gamer.net/news/image/2005.09/20050919032951_32big.html	2509
Tuz	639
Michigan	3497
rock	1084
veggie	4394
maps	3862
implication	247
pricey	4143
paddistockshu.pdf	1681
building	2348
islad	3604
contingent	1204
website	2446
Partners	1768
Semantics	1037
area'	3671
constellation	2085
East	3024
closest	3208
straigthforward	3776
x	1283
marry	911
Governing	386
were	3240
broker	1891
WashPost	935
Accenture	1450
rainforest	3610
2.7	3389
Discount	4292
bagel	3819
appreciate	955
paper	2177
history	211
priced	3787
final	3459
homestyle	3869
fate	1308
movie	1116
consultant	1452
become	2302
historical	2002
Choudhry	2623
historian	3681
Shojai	555
domain	1569
bislas	3818
Detroit	897
wow	4125
ok	1729
Chinatown	3726
CURES	2781
Scholars	631
Superior	37
night	1367
uncertainty	2215
inclined	1145
Anthony	1329
Al	731
recognize	3108
hey	2001
Noida	3632
Ginny	1721
Auto	4081
view	1119
therapeutic	2810
enough	258
watch	1466
Alan	4344
paulhastings.com	1564
1.5	1071
Nemec	2120
aide	1318
March	1097
cheapest	3785
Energy	747
Street	201
sincere	2752
newsgroup	2762
troops	138
visitor	2642
Brent	2929
unsafe	3982
badger	2748
focus	486
dinner	3284
hottest	725
many	402
know	441
use	494
military	843
hairstyle	4032
devoted	1073
deadly	2743
concerned	196
speak	1609
pm	1404
grid	4287
art	3301
AOL	498
rights	1143
own	234
Arabs	382
refer	4302
processor	3396
extra	1753
410-468-3499	2074
department	2032
inability	3115
luck	2489
some	411
!!	2155
muslim	321
CGoehring	2392
hour	1343
Broadband	1547
half	2180
Kerala	2835
distance	3500
return	905
ask	937
hymn	990
Jordan	908
fear	423
newsfeed.com	2757
Cabs	3645
Indian	3647
top	593
making	922
such	282
trip	3491
Lenhart	1464
home	894
Steadman	54
basement	3745
devastate	2966
03:48	1636
diffusion	2176
reel	3420
cell	303
intrastate	1690
360	4306
port	2357
darn	3997
less	860
Alaskan	2364
apart	3636
cousin	662
10:13	2041
interval	4359
money	483
flour	4008
200	592
Robin	1123
GT	1760
lien	1709
www.adobe.com	1674
prestige	1968
Travis	1822
responsible	672
assassination	293
drink	1340
==============================================================================	1576
admidst	1155
head	556
trading	2093
KS	3843
upcoming	3032
appear	252
Glenn	2475
euro	3579
release	615
Vladimir	764
Lebanon	845
confidential	1478
opposition	751
25	1085
Germany	3449
example	942
mouth	4155
trouble	3553
Google	177
@	3524
acquire	1029
artisan	4057
toxic	2858
hamburger	4393
transit	2609
fail	3337
man	322
legacy	3041
bc	3697
statistics	2448
mesmerizing	2390
impressive	4288
screen	3370
audit	2300
Elyse	1530
Thomas	2890
worth	3820
dm	2547
happen	943
19th	2026
downtown	3263
Shadid	1330
grow	307
drive	225
Sense	3900
touch	1899
puppy	4290
heat	4244
Adz	4047
miss	3353
Conditioning	4209
because	153
Bert	1846
Hazem	658
Sheetal	1795
+	3226
sincerely	1544
Motorsports	3957
boycott	690
Safed	3052
firefox	1158
stay	1855
Cheap	4189
Express	3650
Enron	1514
result	2189
Mundim	1815
extremely	1977
three	594
north	3547
copying	1931
e-commerce	3898
Park	3203
Jan.	3033
friend	1354
Brant	1762
goldstar.com	3728
bless	4115
50	350
immediately	1484
decision	773
account	2136
designate	1474
receive	1479
much	719
attn	3752
Saturn	2613
5,000	602
record	2969
idea	237
article	240
type	1831
expect	531
dark	1274
jacket	4267
enjoy	1512
hard	1879
part	1247
peace	92
prayer	1309
lisa_coverletter.doc	2260
favor	2845
infrastructure	3102
page	2632
Lobe	709
office	1408
Peder	1363
provider	3005
it's	3090
complicated	963
knuckle	3219
term	32
specialize	2777
corner	1965
64.73	2933
good	235
discretion	3293
Drugs	4216
newspaper	513
natrually	2750
raise	565
senior	1700
develop	1985
reliance	1585
people	94
turn	521
premise	1421
learning	2722
urgent	4181
Jeffrey	1791
slice	3784
clash	366
electronically	1841
gladly	3891
western	542
Dec	2463
knock	1882
accomodate	3149
terror	333
4	161
effort	864
solicitation	1650
also	46
iphone	3368
mold	3192
trap	3744
71	2633
Cloud	1699
goldconn@isye.gatech.edu	2257
war	332
little	606
transition	2301
hotel	3930
ext.	2035
now	437
kinda	2477
Pueblo	4021
traveler	2683
Rumsfeld	875
Karla	4326
Space	2976
full	1074
perhaps	2732
ballroom	2015
agreement	1693
brush	2934
Sadrists	1266
volunteer	1775
strike	365
association	559
chief	1317
20,000	904
until	1445
!!!!	2645
remain	266
outrageous	3844
charming	4183
birding	3275
train	2617
la	105
India	2420
recipient	1475
plus	1473
besides	2608
information	150
analyst	179
third	3729
obviously	3455
Synder	1792
Habbaniyah	127
creative	4194
cook	3330
overstate	440
hair	2525
Keyhole	1042
11:36	1863
chitosan	2821
position	699
liberal	3679
Plumbing	4208
hotdog	4391
plaintiff	883
lenght	3582
nominate	11
Hamster	3737
sample	2081
1977	985
Saturday	1333
********************************	1923
month	581
total	2768
regards	1447
rude	4153
#	2131
08:36:00	3014
notch	4337
pledge	1827
2000	1665
Arabic	1220
kick	1380
http://www.bbc.co.uk/email	2567
Islamic	692
http://www.wildlifeofpakistan.com/pakistanbirdclub/index.html	3276
there	100
am	1556
neither	784
12,000	600
api.pdf	1682
law	665
bin	309
package	3733
http://go.msn.com/bql/hmtag_itl_en.asp	2210
fight	367
re	2092
longtime	2575
calculate	2280
correction	1718
Rudwell	2141
check	2293
Forces	3086
vital	2418
Lover	3990
853-3242	1550
2010	2986
anyplace	3727
States	329
U.S.	822
african	3938
with	61
busy	4022
460,000	2953
elevator	2993
TOVA	2731
abuse	4178
kitchen	4041
0.3931	2199
Spahnn	1398
Vince	2160
behind	1111
aways	3712
surprised	4382
moral	2867
slow	4240
Milson	1814
bride	144
Egypt	3094
smoking	2484
Gottlieb	2774
broccoli	4168
Duns	2130
remind	3112
Midtown	3863
Diaries	2421
Rome	4191
thecatal...@hotmail.com	2626
trivia	2399
cadmium	2857
<<	1938
October	1696
Bush	8
nominee	2571
high	166
usually	189
Super	3915
19	880
IUCN	2450
hamburguer	4109
sfig...@houston.rr.com	2521
sent	3714
pls	3512
box	2529
Birmingham	3204
provoke	649
&	2195
frame	2369
quarter	2946
due	2192
attempt	2844
fax	1601
seek	761
memoir	1017
Transformational	2984
future	1120
massage	4332
Hills	3211
properly	3543
BP	2952
creme	3687
program	737
necessary	1717
Chuck	4342
Brian	1100
herself	1897
NY	3171
Water	4098
upon	1002
da	3525
itself	2424
chip	3782
unsubscribe	2566
florida	3132
holiday	3199
Buses	3643
Shirley	2212
theme	953
dvd	3245
comme	108
siamese	3689
Alcohol	4217
Camps	4129
billboard	3947
clue	2419
Aug	1532
clutter	459
browsing	1078
waste	2854
extremist	611
chemical	806
r	2203
Pentagon	1208
kevin.a.boone@accenture.com	1461
sell	1649
mm	3190
peopel	3472
film	1134
nonessential	2964
Lisa	1779
fewest	474
311	1694
form	842
Explorer	1835
pizza	3877
bonding	3916
chicago	3954
sry	2482
Greg	2338
Zelikow	1258
Rib	3442
officer	1662
hold	1981
Malcolm	3956
anecdote	2805
Cuba	3404
glad	1873
outfit	4398
sometimes	1290
timing	1988
avoid	4065
most	325
Yassin	345
Birdies	4213
inexpensive	1170
president	1702
Venza	3945
paddiistockscl.pdf	1679
support	452
Lake	3528
f	62
Matthew	1465
states	3603
Gretchen	4343
famoso	4354
Ray	4175
excerpt	254
cute	605
AFP	536
President	7
National	2941
Guy	4278
Opera	3438
seakness	2663
likelihood	2721
unrestricted	3079
though	571
execution	433
Rd	3905
hardy	3237
e-mail	1568
column	934
key	3716
survive	439
julie...@bellsouth.net	2534
Griffin	2998
storm	1864
9/30/01	2286
filter	4044
prepare	3183
macho	3026
represent	1645
veryyy	4075
17	1952
youngest	2524
Exchange	3336
piano	4001
Asian	1262
discuss	1536
713.864.4149	1460
priority	3044
crime	2873
error	1480
supporter	3045
fairly	3771
outstanding	3798
05/22/2001	1919
paddistocksho.pdf	1680
Reston	3864
integrity	4406
ensure	1152
kilometer	2940
candidate	2227
document	2315
nightie	2678
coagulated	3623
throughout	704
maker	987
light	1150
ascii'	2386
Place	2067
bar	3197
involvement	2416
eschew	827
1	1777
predict	841
www.visitsouthshropshire.co.uk	3212
Figaro	2520
goat	3321
ded69...@hotmail.com	2674
citizen	823
loyal	472
current	2898
tsunami	858
soldier	358
door	3832
$$$	1878
6,606	2288
worker	4093
interface	471
late	3297
Gilette	1780
Picasa	1038
but	79
flight	2239
movement	1181
Internet	1834
Job	3830
affiliate	1664
recycle	3339
alike	3668
hundred	134
meh	3871
unless	1335
bed	1755
sender	1483
suppose	99
height	1472
HORSE	3175
Bryan	1341
tank	3755
job	964
report	335
central	3950
fabric	4221
zone	819
hill	4013
Eurostar	3289
stand	1304
facility	2948
shall	2159
last	544
Sand	4139
Jihad	3096
checklist	2728
Portland	2020
risk	504
sandwich	3814
francisco	3586
weekend	1375
someone	1269
disability	2723
Urban	2884
tonight	1348
user	492
number	186
accounting	3961
lead	1050
stunt	607
we	436
wonderful	3789
bay	3227
Allawi	656
bottom	3536
miniscule	185
pencil	2703
spin	4307
profitable	212
10/08/99	1685
repeat	1300
70	3309
description	2326
janesmith@paulhastings.com	1573
volcano	4132
environment	215
toss	1756
possible	1140
ingredient	4283
Flash	1115
american	404
several	119
wise	2991
massive	1199
mile	3895
mediocre	4350
attach	1587
PVT.	3860
electricity	2171
'	222
irc	2395
emerge	3006
mean	1314
yay	3902
complain	2842
surfing	3155
Korea	791
wave	102
hourly	2181
piece	246
format	1591
Louisiana	2967
covert	753
suspend	1415
side	3988
corporate	2691
furnishing	4127
food	3126
Wendy	3268
aggregate	2116
wendy	3271
Pimenov	2034
Fort	4222
heatingoilstocks.pdf	1678
8.95	4403
case	407
profile	1874
07:17	1555
embroidery	3984
10.74	4405
alternative	1625
St	3294
fire	125
faster	3386
......	3971
sexy	3775
communicative	2388
VINGAS	3856
spreadsheet	2355
Warner	1546
conjunct	2601
then	826
feel	1914
painting	957
Jerusalem	3025
government	3008
mass	2684
principally	3356
U	1537
Picasso	3157
reprint	2442
variety	4392
platform	1076
Paso	1508
almost	3557
weaken	295
background	3359
regularly	3875
Committee	870
shock	1243
governance	1186
Helen	4378
??.	3662
!!!!!!!!!!!!!!!!!!!!!!!!!	3934
1967	3022
wan	3583
cpa	1353
alt.animals.dogs.collies.open-forum	2379
ceremony	580
Johnson	1816
Nazis	3308
hype	3732
comparable	530
original	1486
public	425
vacation	2024
global	2950
hopefully	2332
undrstood	2666
territories	273
hesitant	2995
weapon	327
noc@paulhastings.com	1575
differ	1656
Runar	2648
teach	3140
fuck	1371
terrific	4196
d	2629
Barb	4331
origin	3544
hangout	4038
committee	2999
Mahmoud	3020
Sharq	361
privileged	1477
w/	2490
cross	4259
Payments	2319
Americans	850
J.	1902
meat	3480
cubism	3158
Inc.	1062
silk	2653
Cecile	3976
mane	2161
Barrel	3502
radical	280
accomplishment	2992
prefer	2291
c'est	107
3	1316
Corporation	2152
DR	4161
cla	2817
civil	3107
RAVIZ	3522
standing	174
Nasser	3030
3200	3385
post	1090
Miami	3548
Carri	2384
auto	4076
crush	3555
commit	696
down	863
tier	1626
Reynolds	2494
couple	723
segment	2052
Wednesday	618
1,100	588
ty	3570
attachment	1927
extinction	2456
alt.animals.crab	2377
truth	4154
link	490
notification	2276
11	1255
Dec.	3037
November	2503
computer	1586
Combo	3122
tgs	2505
historic	4318
regard	1613
arabist	1229
M	1872
]	724
communique	389
TEHRAN	535
pursue	3104
popular	496
Delhi	3195
Doug	1789
destruction	391
walking	3499
V	2621
303-832-8160	1357
afford	1969
Mercedes	3872
move	155
idk	3410
Sadr	376
lift	4247
notify	1482
inefficient	3995
vacuum	288
Third	3447
pocket	621
break	633
Staikos	1598
03:14:14	1527
guaranty	1722
coin	3575
status	3804
trust	1963
argument	1992
premature	2220
excellent	2700
J.M.	2150
weather	1857
Briefing	933
musem	3312
recent	1268
Bridges	4102
talk	947
house	912
colonization	270
edible	3475
2.0	1072
dial	465
since	74
compose	1570
!!!	2638
gold	3762
genuine	2755
Laura	983
Quinn	1782
stranger	3319
seattlepi.com	3019
Executive	2913
forward	1543
action	1584
friendship	2665
E.	2474
pray	2491
shanna	1854
freak	3773
table	522
alt.animals.dog	2378
pattern	3693
kitten	2637
blessed	456
dangerous	2942
attendee	2334
officially	777
Prevention	2787
could	67
awful	3882
unit	2312
reach	740
overpriced	4269
budget	4142
cigar	4112
rfp	1614
08/08/2000	1862
brittany	3768
always	285
common	2321
Iran	519
physical	1842
engine	449
neighborhood	4037
knowledgeable	2305
main	952
son	2669
yellow	3963
storage	3566
HRonline	2028
relationship	1114
lourdes	3569
consider	846
canon	3375
thx	2100
3.5	2544
hesitate	1596
Georgia	2221
of	36
date	2154
montparnasse	3565
April	1295
administrative	1219
sport	4246
imagine	209
name	882
chemise	2654
3/9/2005	2591
lebanese	1306
Drs.	4384
corporation	2831
Wellington	3453
safe	132
federal	18
Rahu	2605
score	2720
realize	1744
lengthy	2729
min	4345
243,000	2960
suck	193
D	2543
Sept.	1254
Joseph	3827
crude	2915
green	2813
warm	2828
Slice	4066
MSN	1906
08/10/2000	1765
why	576
Malach	1168
Yahoo	2470
Court	38
Gmail	495
juicy	4111
new	532
excuse	3103
relaxing	4136
sweater	4268
guerre	106
defense	4254
mistake	96
cabin	4377
general	364
fanatic	610
island	2937
caralluma	2824
dental	4387
Wall	200
whom	824
counter-attack	916
million	1824
Foundation	1061
specific	2404
foreign	2699
statement	2287
Technology	2252
Jill	2126
Steve	1528
Montague	53
sooner	812
culture	1178
compare	3866
supple	257
Kay	1552
Mohiuddin	2408
enron-cps	2090
bark	1377
gisb	2044
browned	4169
france	3769
Sergey	218
W.	43
enlighten	3507
Gaza	3069
2009	4124
butt	1370
exception	1436
http://www.accenture.com	1463
http://www.4gamer.net/news/image/2005.09/20050919032951_42big.html	2511
Frazier	1847
spanking	2443
Washington	21
informed	3788
react	2539
begin	1231
dilemma	921
academic	3361
vote	697
organisation	3067
12'	3292
Dp	2118
distribution	1930
derail	283
Rafael	3256
international	537
treatment	2540
nymex	2003
Karate	3918
tension	736
tabby	3688
golf	4046
Exxon	2962
northwest	4069
Memphis	4365
Lynch	1411
although	2548
Benefit	2318
mine	3243
hr	2031
authority	296
bottling	2832
posting	1287
mismanage	876
Glass	4340
perverted	1491
you	216
Patel	1796
branch	484
south	1312
cheaply	4333
provide	1557
together	1752
aid	2791
wine	3992
Mountain	1063
Jong	793
society	670
chance	182
slightly	3394
Pari	3634
Upstream	2128
financial	1652
flee	892
>	1401
gun	3599
happy	1342
direction	1172
7,5	3580
11:00	3595
director	1663
http://www.thecatalbum.com	2646
Gerald	2119
migratory	3272
deficit	2724
outdated	3912
maime	2742
bomb	65
recomend	4079
choose	4249
111	2065
ultimate	1957
album	2643
destroy	1716
garage	1522
finally	178
gottlie...@yahoo.com	2827
webmas...@globelingerie.com	2650
hamster	3741
extraordinary	1267
Mulholland	1784
generate	2438
=---	2771
sausage	3617
Koerner	973
Hancocks	4220
if	263
4783	3904
http://www.newscientistspace.com/article.ns?id=dn8293&feedid=human-spaceflight_atom03	2974
650	3306
tiny	3683
commment	1139
r2d2	3248
11/16/2005	3013
serve	1003
sermon	1310
Cola	2830
Puto	1738
friendly	1395
transfer	2277
Taco	3266
Markey	1798
Natzi	3302
steal	3303
nervous	93
mould	3186
father	1866
Feith	1216
Buenos	3142
summary	4251
pearl	3135
airpart	3605
300	1951
heir	3314
across	816
Capt.	2426
NASA	2576
Tammi	2107
Association	629
Delaware	3169
impose	1239
lu	1871
's	84
a	28
evacuation	854
War	1261
bank	2135
expectation	3009
member	891
spahnn@hnks.com	1400
